OBJECTID,GEOID20,ED,name20,2011_district,2024_district,Total Population,White,Black,American Indian,Asian,Native Hawaiian,Some Other,Two or More,Hispanic
8,3.6029E+14,FIL 19,Block 1023,FILLMORE,FILLMORE,0,0,0,0,0,0,0,0,0
9,3.6029E+14,FIL 19,Block 1022,FILLMORE,FILLMORE,0,0,0,0,0,0,0,0,0
10,3.6029E+14,FIL 17,Block 2008,FILLMORE,FILLMORE,19,3,5,0,0,0,4,7,13
11,3.6029E+14,FIL 19,Block 2007,FILLMORE,FILLMORE,102,61,20,0,0,0,14,7,17
12,3.6029E+14,FIL 17,Block 2014,FILLMORE,FILLMORE,73,44,21,0,0,0,3,5,12
17,3.6029E+14,FIL 17,Block 2006,FILLMORE,FILLMORE,84,39,32,0,4,0,0,9,8
18,3.6029E+14,FIL 17,Block 2012,FILLMORE,FILLMORE,78,54,13,7,0,0,0,4,7
37,3.6029E+14,FIL 7,Block 1001,FILLMORE,FILLMORE,0,0,0,0,0,0,0,0,0
47,3.6029E+14,FIL 26,Block 1012,FILLMORE,FILLMORE,125,20,77,0,19,0,4,5,2
48,3.6029E+14,FIL 26,Block 1015,FILLMORE,FILLMORE,0,0,0,0,0,0,0,0,0
53,3.6029E+14,ELL 24,Block 2013,ELLICOTT,FILLMORE,0,0,0,0,0,0,0,0,0
54,3.6029E+14,ELL 24,Block 2022,ELLICOTT,FILLMORE,29,29,0,0,0,0,0,0,0
55,3.6029E+14,ELL 24,Block 1009,ELLICOTT,FILLMORE,0,0,0,0,0,0,0,0,0
56,3.6029E+14,ELL 24,Block 1019,ELLICOTT,FILLMORE,0,0,0,0,0,0,0,0,0
57,3.6029E+14,ELL 24,Block 1008,ELLICOTT,FILLMORE,19,7,8,0,2,0,0,2,0
58,3.6029E+14,ELL 24,Block 1014,ELLICOTT,FILLMORE,9,6,1,0,0,0,0,2,1
59,3.6029E+14,ELL 24,Block 1017,ELLICOTT,FILLMORE,0,0,0,0,0,0,0,0,0
60,3.6029E+14,ELL 24,Block 2017,ELLICOTT,FILLMORE,0,0,0,0,0,0,0,0,0
61,3.6029E+14,ELL 25,Block 2004,ELLICOTT,FILLMORE,20,15,3,0,0,0,0,2,2
62,3.6029E+14,ELL 24,Block 1007,ELLICOTT,FILLMORE,0,0,0,0,0,0,0,0,0
63,3.6029E+14,ELL 24,Block 1013,ELLICOTT,FILLMORE,31,26,3,0,0,0,2,0,4
65,3.6029E+14,ELL 25,Block 1004,ELLICOTT,FILLMORE,128,82,31,3,3,0,3,6,17
66,3.6029E+14,ELL 25,Block 1023,ELLICOTT,FILLMORE,18,10,6,1,1,0,0,0,2
67,3.6029E+14,FIL 7,Block 1057,FILLMORE,FILLMORE,0,0,0,0,0,0,0,0,0
68,3.6029E+14,FIL 7,Block 1060,FILLMORE,FILLMORE,20,16,2,0,1,0,0,1,1
69,3.6029E+14,ELL 29,Block 1033,ELLICOTT,FILLMORE,0,0,0,0,0,0,0,0,0
70,3.6029E+14,FIL 7,Block 1059,FILLMORE,FILLMORE,0,0,0,0,0,0,0,0,0
71,3.6029E+14,FIL 8,Block 1015,FILLMORE,FILLMORE,9,3,3,0,0,0,0,3,7
72,3.6029E+14,FIL 10,Block 1064,FILLMORE,FILLMORE,29,24,4,0,0,0,0,1,1
146,3.6029E+14,SOU 00,Block 1023,FILLMORE,FILLMORE,0,0,0,0,0,0,0,0,0
148,3.6029E+14,ELL 2,Block 1000,ELLICOTT,FILLMORE,186,81,43,0,0,0,40,22,78
162,3.6029E+14,FIL 7,Block 1010,FILLMORE,FILLMORE,0,0,0,0,0,0,0,0,0
163,3.6029E+14,FIL 20,Block 1008,FILLMORE,FILLMORE,55,8,37,0,0,0,3,7,8
165,3.6029E+14,FIL 25,Block 5016,FILLMORE,FILLMORE,0,0,0,0,0,0,0,0,0
178,3.6029E+14,FIL 25,Block 1016,FILLMORE,FILLMORE,0,0,0,0,0,0,0,0,0
179,3.6029E+14,FIL 2,Block 2005,FILLMORE,FILLMORE,9,4,0,0,0,0,3,2,2
184,3.6029E+14,FIL 19,Block 1001,FILLMORE,FILLMORE,0,0,0,0,0,0,0,0,0
185,3.6029E+14,FIL 17,Block 2010,FILLMORE,FILLMORE,12,7,1,0,0,0,0,4,1
186,3.6029E+14,FIL 19,Block 2000,FILLMORE,FILLMORE,0,0,0,0,0,0,0,0,0
187,3.6029E+14,FIL 19,Block 1000,FILLMORE,FILLMORE,0,0,0,0,0,0,0,0,0
188,3.6029E+14,FIL 17,Block 2005,FILLMORE,FILLMORE,58,43,0,0,2,0,7,6,11
189,3.6029E+14,FIL 19,Block 1005,FILLMORE,FILLMORE,0,0,0,0,0,0,0,0,0
190,3.6029E+14,FIL 16,Block 1006,FILLMORE,FILLMORE,53,30,11,0,6,0,0,6,8
195,3.6029E+14,FIL 28,Block 1010,FILLMORE,FILLMORE,48,11,11,0,14,0,3,9,9
196,3.6029E+14,FIL 28,Block 1002,FILLMORE,FILLMORE,92,10,51,0,3,0,5,23,17
199,3.6029E+14,FIL 28,Block 2003,FILLMORE,FILLMORE,122,38,61,4,2,0,12,5,17
201,3.6029E+14,FIL 28,Block 2001,FILLMORE,FILLMORE,103,17,39,2,37,0,1,7,7
202,3.6029E+14,FIL 25,Block 5003,FILLMORE,FILLMORE,44,13,13,0,4,0,2,12,8
204,3.6029E+14,FIL 28,Block 2004,FILLMORE,FILLMORE,75,21,25,0,20,0,6,3,6
217,3.6029E+14,FIL 7,Block 1084,FILLMORE,FILLMORE,0,0,0,0,0,0,0,0,0
219,3.6029E+14,FIL 10,Block 1083,FILLMORE,FILLMORE,0,0,0,0,0,0,0,0,0
222,3.6029E+14,FIL 8,Block 1094,FILLMORE,FILLMORE,0,0,0,0,0,0,0,0,0
225,3.6029E+14,FIL 00,Block 1090,FILLMORE,FILLMORE,8,4,0,0,0,0,3,1,4
226,3.6029E+14,FIL 10,Block 1100,FILLMORE,FILLMORE,0,0,0,0,0,0,0,0,0
227,3.6029E+14,FIL 10,Block 1098,FILLMORE,FILLMORE,27,14,2,0,4,0,0,7,4
230,3.6029E+14,FIL 3,Block 1000,FILLMORE,FILLMORE,66,30,28,1,2,0,0,5,9
253,3.6029E+14,FIL 32,Block 1010,FILLMORE,FILLMORE,27,5,20,0,0,0,0,2,0
254,3.6029E+14,FIL 11,Block 3004,FILLMORE,FILLMORE,44,1,32,1,1,0,5,4,4
255,3.6029E+14,FIL 11,Block 3005,FILLMORE,FILLMORE,108,3,39,2,59,0,2,3,2
310,3.6029E+14,FIL 3,Block 1001,FILLMORE,FILLMORE,88,54,24,1,1,0,1,7,7
316,3.6029E+14,FIL 5,Block 3003,FILLMORE,FILLMORE,145,50,20,1,6,0,44,24,80
317,3.6029E+14,FIL 4,Block 2008,FILLMORE,FILLMORE,108,92,2,0,1,0,0,13,17
318,3.6029E+14,FIL 1,Block 1000,FILLMORE,FILLMORE,195,154,19,0,9,0,1,12,3
319,3.6029E+14,FIL 1,Block 3000,FILLMORE,FILLMORE,185,141,14,3,11,0,7,9,15
320,3.6029E+14,FIL 3,Block 1004,FILLMORE,FILLMORE,30,15,1,0,11,0,0,3,1
321,3.6029E+14,FIL 3,Block 1012,FILLMORE,FILLMORE,114,56,33,0,2,0,13,10,31
322,3.6029E+14,ELL 25,Block 2005,ELLICOTT,FILLMORE,0,0,0,0,0,0,0,0,0
323,3.6029E+14,FIL 7,Block 1005,FILLMORE,FILLMORE,14,3,4,1,1,0,1,4,7
324,3.6029E+14,ELL 24,Block 1039,ELLICOTT,FILLMORE,0,0,0,0,0,0,0,0,0
326,3.6029E+14,FIL 20,Block 2001,FILLMORE,FILLMORE,43,1,35,0,4,0,0,3,8
329,3.6029E+14,FIL 22,Block 1005,FILLMORE,FILLMORE,59,5,44,0,5,0,4,1,6
330,3.6029E+14,FIL 23,Block 1015,FILLMORE,FILLMORE,83,11,15,0,53,0,0,4,3
331,3.6029E+14,FIL 24,Block 1017,FILLMORE,FILLMORE,66,1,36,0,13,0,8,8,12
364,3.6029E+14,ELL 29,Block 1034,ELLICOTT,FILLMORE,11,2,1,1,0,0,3,4,5
368,3.6029E+14,FIL 3,Block 1006,FILLMORE,FILLMORE,180,100,39,0,10,0,10,21,27
391,3.6029E+14,FIL 7,Block 1003,FILLMORE,FILLMORE,667,79,319,6,5,2,173,83,352
392,3.6029E+14,ELL 25,Block 2018,ELLICOTT,FILLMORE,62,54,0,0,8,0,0,0,2
393,3.6029E+14,FIL 6,Block 2001,FILLMORE,FILLMORE,158,111,30,1,2,0,11,3,25
439,3.6029E+14,FIL 13,Block 1019,FILLMORE,FILLMORE,29,23,3,0,0,0,3,0,6
443,3.6029E+14,FIL 15,Block 2032,FILLMORE,FILLMORE,0,0,0,0,0,0,0,0,0
444,3.6029E+14,FIL 18,Block 2010,FILLMORE,FILLMORE,18,12,1,0,2,0,2,1,9
445,3.6029E+14,FIL 18,Block 2007,FILLMORE,FILLMORE,14,9,2,0,0,0,3,0,4
446,3.6029E+14,FIL 15,Block 2026,FILLMORE,FILLMORE,27,10,3,0,0,0,13,1,16
447,3.6029E+14,FIL 18,Block 2022,FILLMORE,FILLMORE,38,28,6,1,0,0,0,3,4
448,3.6029E+14,FIL 15,Block 2038,FILLMORE,FILLMORE,0,0,0,0,0,0,0,0,0
453,3.6029E+14,FIL 8,Block 1096,FILLMORE,FILLMORE,0,0,0,0,0,0,0,0,0
465,3.6029E+14,FIL 19,Block 1012,FILLMORE,FILLMORE,62,23,29,1,7,0,0,2,6
466,3.6029E+14,FIL 24,Block 1013,FILLMORE,FILLMORE,186,7,122,6,46,0,4,1,10
467,3.6029E+14,FIL 25,Block 1021,FILLMORE,FILLMORE,65,10,24,0,11,1,12,7,18
470,3.6029E+14,FIL 34,Block 1003,FILLMORE,FILLMORE,141,11,85,0,19,0,16,10,30
472,3.6029E+14,FIL 26,Block 1013,FILLMORE,FILLMORE,35,10,13,0,3,0,5,4,4
473,3.6029E+14,FIL 20,Block 1004,FILLMORE,FILLMORE,19,6,9,0,4,0,0,0,0
475,3.6029E+14,ELL 24,Block 1038,ELLICOTT,FILLMORE,3,1,0,0,2,0,0,0,0
476,3.6029E+14,ELL 24,Block 2012,ELLICOTT,FILLMORE,112,41,18,0,0,0,35,18,71
477,3.6029E+14,ELL 24,Block 1015,ELLICOTT,FILLMORE,0,0,0,0,0,0,0,0,0
478,3.6029E+14,ELL 25,Block 2016,ELLICOTT,FILLMORE,0,0,0,0,0,0,0,0,0
479,3.6029E+14,ELL 24,Block 1035,ELLICOTT,FILLMORE,10,0,2,1,1,0,4,2,5
480,3.6029E+14,ELL 24,Block 1036,ELLICOTT,FILLMORE,4,0,4,0,0,0,0,0,0
481,3.6029E+14,FIL 7,Block 1085,FILLMORE,FILLMORE,0,0,0,0,0,0,0,0,0
482,3.6029E+14,ELL 25,Block 2019,ELLICOTT,FILLMORE,6,3,1,0,0,0,0,2,1
483,3.6029E+14,ELL 35,Block 2001,ELLICOTT,FILLMORE,89,31,0,3,0,0,24,31,64
484,3.6029E+14,FIL 5,Block 3006,FILLMORE,FILLMORE,125,47,32,0,2,0,22,22,40
485,3.6029E+14,FIL 2,Block 3005,FILLMORE,FILLMORE,198,164,2,0,7,0,14,11,20
486,3.6029E+14,FIL 1,Block 1001,FILLMORE,FILLMORE,174,123,28,0,6,0,8,9,17
487,3.6029E+14,FIL 3,Block 1003,FILLMORE,FILLMORE,35,21,4,0,0,0,5,5,9
488,3.6029E+14,ELL 25,Block 2007,ELLICOTT,FILLMORE,16,7,3,0,2,0,1,3,2
489,3.6029E+14,FIL 7,Block 2006,FILLMORE,FILLMORE,48,34,3,4,0,0,0,7,11
490,3.6029E+14,ELL 24,Block 1040,ELLICOTT,FILLMORE,585,227,337,9,4,0,7,1,74
491,3.6029E+14,FIL 19,Block 1020,FILLMORE,FILLMORE,75,58,6,0,0,0,3,8,8
492,3.6029E+14,FIL 17,Block 2013,FILLMORE,FILLMORE,43,29,8,1,2,0,0,3,11
496,3.6029E+14,FIL 18,Block 2020,FILLMORE,FILLMORE,6,0,2,0,0,0,2,2,4
500,3.6029E+14,FIL 19,Block 1005,FILLMORE,FILLMORE,0,0,0,0,0,0,0,0,0
501,3.6029E+14,FIL 19,Block 1013,FILLMORE,FILLMORE,30,21,2,0,0,0,0,7,4
502,3.6029E+14,FIL 27,Block 3004,FILLMORE,FILLMORE,125,5,21,0,76,0,9,14,12
503,3.6029E+14,FIL 24,Block 1011,FILLMORE,FILLMORE,45,6,21,0,10,0,1,7,9
504,3.6029E+14,FIL 28,Block 1005,FILLMORE,FILLMORE,47,9,18,0,2,0,5,13,10
505,3.6029E+14,FIL 21,Block 1005,FILLMORE,FILLMORE,126,39,52,0,16,1,8,10,32
518,3.6029E+14,FIL 18,Block 2008,FILLMORE,FILLMORE,20,6,2,0,0,0,8,4,12
568,3.6029E+14,FIL 34,Block 1002,FILLMORE,FILLMORE,117,4,75,1,24,0,5,8,9
569,3.6029E+14,FIL 20,Block 2002,FILLMORE,FILLMORE,22,0,16,0,5,0,1,0,3
571,3.6029E+14,FIL 20,Block 1008,FILLMORE,FILLMORE,39,0,23,0,12,1,2,1,1
572,3.6029E+14,FIL 20,Block 2000,FILLMORE,FILLMORE,38,4,33,0,0,0,0,1,2
575,3.6029E+14,FIL 34,Block 1001,FILLMORE,FILLMORE,101,17,62,2,13,0,0,7,16
576,3.6029E+14,FIL 26,Block 1000,FILLMORE,FILLMORE,93,14,35,2,34,0,2,6,4
580,3.6029E+14,FIL 22,Block 1006,FILLMORE,FILLMORE,34,7,24,0,2,0,1,0,3
581,3.6029E+14,FIL 23,Block 1004,FILLMORE,FILLMORE,58,4,31,0,13,0,2,8,5
582,3.6029E+14,FIL 26,Block 1009,FILLMORE,FILLMORE,75,22,6,4,33,0,3,7,1
583,3.6029E+14,FIL 26,Block 1016,FILLMORE,FILLMORE,310,40,106,0,147,0,6,11,9
584,3.6029E+14,FIL 23,Block 1003,FILLMORE,FILLMORE,69,2,37,0,0,0,4,26,26
585,3.6029E+14,FIL 24,Block 1001,FILLMORE,FILLMORE,22,14,3,2,0,0,0,3,3
586,3.6029E+14,FIL 27,Block 3005,FILLMORE,FILLMORE,196,14,48,2,128,0,0,4,3
587,3.6029E+14,FIL 24,Block 1014,FILLMORE,FILLMORE,62,31,16,3,5,0,0,7,8
588,3.6029E+14,FIL 24,Block 1000,FILLMORE,FILLMORE,54,7,4,0,40,0,2,1,2
589,3.6029E+14,FIL 20,Block 2013,FILLMORE,FILLMORE,16,0,15,0,1,0,0,0,0
591,3.6029E+14,FIL 20,Block 1002,FILLMORE,FILLMORE,24,2,18,0,0,0,0,4,0
592,3.6029E+14,FIL 20,Block 1000,FILLMORE,FILLMORE,30,1,23,0,2,0,0,4,4
702,3.6029E+14,ELL 35,Block 2006,ELLICOTT,FILLMORE,19,5,5,0,0,0,1,8,11
704,3.6029E+14,FIL 2,Block 2004,FILLMORE,FILLMORE,130,102,15,0,6,0,7,0,8
713,3.6029E+14,FIL 22,Block 1024,FILLMORE,FILLMORE,24,4,16,0,1,0,1,2,2
718,3.6029E+14,FIL 13,Block 2017,FILLMORE,FILLMORE,15,5,0,0,0,0,10,0,11
720,3.6029E+14,FIL 13,Block 2016,FILLMORE,FILLMORE,0,0,0,0,0,0,0,0,0
721,3.6029E+14,FIL 13,Block 2015,FILLMORE,FILLMORE,17,13,1,0,0,1,0,2,3
722,3.6029E+14,FIL 13,Block 2014,FILLMORE,FILLMORE,24,20,1,0,0,0,0,3,3
737,3.6029E+14,NIA 25,Block 4001,NIAGARA,FILLMORE,422,283,83,3,9,0,10,34,42
741,3.6029E+14,ELL 14,Block 3001,ELLICOTT,FILLMORE,243,85,106,3,14,0,17,18,28
746,3.6029E+14,ELL 15,Block 4002,ELLICOTT,FILLMORE,205,140,29,3,17,0,3,13,13
800,3.6029E+14,FIL 20,Block 1009,FILLMORE,FILLMORE,46,1,34,0,1,0,10,0,11
801,3.6029E+14,FIL 22,Block 1023,FILLMORE,FILLMORE,48,6,32,0,0,0,5,5,8
806,3.6029E+14,FIL 8,Block 1006,FILLMORE,FILLMORE,0,0,0,0,0,0,0,0,0
815,3.6029E+14,ELL 24,Block 1041,ELLICOTT,FILLMORE,0,0,0,0,0,0,0,0,0
816,3.6029E+14,ELL 24,Block 1011,ELLICOTT,FILLMORE,0,0,0,0,0,0,0,0,0
817,3.6029E+14,ELL 24,Block 1016,ELLICOTT,FILLMORE,0,0,0,0,0,0,0,0,0
818,3.6029E+14,ELL 24,Block 1037,ELLICOTT,FILLMORE,0,0,0,0,0,0,0,0,0
819,3.6029E+14,FIL 7,Block 1065,FILLMORE,FILLMORE,4,0,0,0,0,0,1,3,3
820,3.6029E+14,FIL 5,Block 1005,FILLMORE,FILLMORE,61,22,5,1,0,0,28,5,52
821,3.6029E+14,FIL 5,Block 2004,FILLMORE,FILLMORE,134,76,15,1,1,0,20,21,43
822,3.6029E+14,FIL 1,Block 3001,FILLMORE,FILLMORE,151,129,5,3,3,0,2,9,6
823,3.6029E+14,ELL 24,Block 2010,ELLICOTT,FILLMORE,0,0,0,0,0,0,0,0,0
824,3.6029E+14,FIL 7,Block 1007,FILLMORE,FILLMORE,0,0,0,0,0,0,0,0,0
827,3.6029E+14,ELL 35,Block 2004,ELLICOTT,FILLMORE,92,27,16,0,0,0,33,16,65
828,3.6029E+14,ELL 35,Block 2005,ELLICOTT,FILLMORE,18,2,1,2,0,0,7,6,14
832,3.6029E+14,FIL 19,Block 2002,FILLMORE,FILLMORE,0,0,0,0,0,0,0,0,0
835,3.6029E+14,FIL 19,Block 2001,FILLMORE,FILLMORE,0,0,0,0,0,0,0,0,0
841,3.6029E+14,FIL 21,Block 1029,FILLMORE,FILLMORE,11,0,2,0,1,0,1,7,4
842,3.6029E+14,FIL 19,Block 1018,FILLMORE,FILLMORE,56,46,3,0,0,0,4,3,1
843,3.6029E+14,FIL 27,Block 3001,FILLMORE,FILLMORE,95,12,9,0,70,1,0,3,2
844,3.6029E+14,FIL 18,Block 1028,FILLMORE,FILLMORE,10,7,0,0,0,0,0,3,1
845,3.6029E+14,FIL 23,Block 1014,FILLMORE,FILLMORE,70,16,39,0,11,0,3,1,10
847,3.6029E+14,FIL 34,Block 1004,FILLMORE,FILLMORE,95,0,81,0,6,0,0,8,0
849,3.6029E+14,FIL 27,Block 1011,FILLMORE,FILLMORE,148,2,14,0,117,0,9,6,6
850,3.6029E+14,FIL 27,Block 1014,FILLMORE,FILLMORE,284,39,101,1,136,0,0,7,3
851,3.6029E+14,FIL 20,Block 2012,FILLMORE,FILLMORE,19,2,17,0,0,0,0,0,2
852,3.6029E+14,FIL 13,Block 1014,FILLMORE,FILLMORE,22,17,3,0,0,0,0,2,6
853,3.6029E+14,FIL 13,Block 2010,FILLMORE,FILLMORE,14,10,0,0,0,0,1,3,2
855,3.6029E+14,FIL 15,Block 5004,FILLMORE,FILLMORE,64,42,1,0,0,0,4,17,18
860,3.6029E+14,FIL 8,Block 1024,FILLMORE,FILLMORE,5,0,2,0,0,0,0,3,4
909,3.6029E+14,ELL 25,Block 2006,ELLICOTT,FILLMORE,70,51,7,0,9,0,2,1,3
912,3.6029E+14,FIL 18,Block 2021,FILLMORE,FILLMORE,47,20,3,0,0,0,20,4,22
916,3.6029E+14,FIL 18,Block 2000,FILLMORE,FILLMORE,64,39,2,0,13,0,5,5,9
971,3.6029E+14,ELL 16,Block 3001,ELLICOTT,FILLMORE,457,346,62,0,26,0,4,19,10
972,3.6029E+14,ELL 9,Block 1004,ELLICOTT,FILLMORE,71,29,21,0,0,0,6,15,6
975,3.6029E+14,ELL 16,Block 3000,ELLICOTT,FILLMORE,297,167,78,2,26,0,10,14,33
1033,3.6029E+14,ELL 24,Block 2011,ELLICOTT,FILLMORE,40,30,6,0,0,0,0,4,2
1036,3.6029E+14,FIL 13,Block 1016,FILLMORE,FILLMORE,35,30,1,0,0,0,0,4,8
1039,3.6029E+14,FIL 13,Block 1020,FILLMORE,FILLMORE,86,72,5,0,0,0,7,2,10
1043,3.6029E+14,FIL 28,Block 1004,FILLMORE,FILLMORE,108,8,74,0,12,0,10,4,18
1044,3.6029E+14,FIL 28,Block 1001,FILLMORE,FILLMORE,270,48,183,5,30,0,2,2,7
1046,3.6029E+14,FIL 17,Block 2009,FILLMORE,FILLMORE,11,3,6,0,0,0,1,1,0
1047,3.6029E+14,FIL 15,Block 4002,FILLMORE,FILLMORE,0,0,0,0,0,0,0,0,0
1048,3.6029E+14,FIL 17,Block 2011,FILLMORE,FILLMORE,32,7,13,0,3,0,3,6,5
1053,3.6029E+14,FIL 19,Block 1004,FILLMORE,FILLMORE,47,28,5,0,5,0,2,7,14
1079,3.6029E+14,FIL 18,Block 2001,FILLMORE,FILLMORE,11,0,4,2,3,0,0,2,4
1081,3.6029E+14,FIL 28,Block 1000,FILLMORE,FILLMORE,129,14,71,0,21,0,11,12,12
1088,3.6029E+14,FIL 8,Block 1097,FILLMORE,FILLMORE,0,0,0,0,0,0,0,0,0
1096,3.6029E+14,FIL 13,Block 2000,FILLMORE,FILLMORE,66,58,0,0,0,0,0,8,8
1102,3.6029E+14,FIL 8,Block 1010,FILLMORE,FILLMORE,17,4,5,0,2,0,0,6,12
1103,3.6029E+14,FIL 1,Block 1005,FILLMORE,FILLMORE,170,81,69,2,2,0,10,6,28
1104,3.6029E+14,FIL 4,Block 2007,FILLMORE,FILLMORE,109,82,5,5,0,0,5,12,14
1117,3.6029E+14,FIL 10,Block 1063,FILLMORE,FILLMORE,0,0,0,0,0,0,0,0,0
1118,3.6029E+14,FIL 10,Block 1066,FILLMORE,FILLMORE,101,77,7,2,7,0,0,8,3
1119,3.6029E+14,FIL 10,Block 1075,FILLMORE,FILLMORE,0,0,0,0,0,0,0,0,0
1120,3.6029E+14,ELL 29,Block 1032,ELLICOTT,FILLMORE,18,12,2,0,0,0,0,4,6
1121,3.6029E+14,ELL 29,Block 1042,ELLICOTT,FILLMORE,248,193,13,0,21,0,9,12,20
1155,3.6029E+14,FIL 18,Block 1018,FILLMORE,FILLMORE,24,6,9,1,6,0,2,0,2
1156,3.6029E+14,FIL 18,Block 1022,FILLMORE,FILLMORE,15,5,8,0,0,0,0,2,1
1157,3.6029E+14,FIL 18,Block 1019,FILLMORE,FILLMORE,5,1,3,0,0,0,0,1,0
1158,3.6029E+14,FIL 18,Block 2001,FILLMORE,FILLMORE,24,4,16,0,2,0,0,2,2
1173,3.6029E+14,FIL 11,Block 3003,FILLMORE,FILLMORE,109,3,61,0,40,0,4,1,0
1176,3.6029E+14,FIL 11,Block 3002,FILLMORE,FILLMORE,75,3,56,0,0,0,16,0,2
1177,3.6029E+14,FIL 32,Block 1011,FILLMORE,FILLMORE,66,6,28,0,23,0,5,4,6
1178,3.6029E+14,FIL 32,Block 1012,FILLMORE,FILLMORE,28,3,18,0,0,0,5,2,10
1201,3.6029E+14,FIL 24,Block 1028,FILLMORE,FILLMORE,20,4,11,0,1,0,1,3,1
1202,3.6029E+14,FIL 18,Block 2007,FILLMORE,FILLMORE,19,13,2,0,3,0,0,1,1
1203,3.6029E+14,FIL 19,Block 1001,FILLMORE,FILLMORE,15,11,1,0,0,0,3,0,11
1204,3.6029E+14,FIL 19,Block 1017,FILLMORE,FILLMORE,129,96,11,0,0,0,7,15,24
1205,3.6029E+14,FIL 27,Block 2000,FILLMORE,FILLMORE,19,3,0,0,4,0,1,11,8
1206,3.6029E+14,FIL 24,Block 1003,FILLMORE,FILLMORE,126,12,78,0,24,3,0,9,7
1207,3.6029E+14,FIL 19,Block 1002,FILLMORE,FILLMORE,39,21,16,0,0,0,0,2,5
1208,3.6029E+14,FIL 25,Block 5007,FILLMORE,FILLMORE,54,11,29,0,5,0,4,5,8
1209,3.6029E+14,FIL 25,Block 5010,FILLMORE,FILLMORE,86,22,22,2,32,0,5,3,10
1210,3.6029E+14,FIL 20,Block 2021,FILLMORE,FILLMORE,22,7,13,0,0,0,0,2,3
1211,3.6029E+14,FIL 18,Block 1029,FILLMORE,FILLMORE,11,6,3,1,0,0,0,1,1
1212,3.6029E+14,FIL 22,Block 1021,FILLMORE,FILLMORE,13,1,10,0,0,0,0,2,1
1213,3.6029E+14,FIL 18,Block 2004,FILLMORE,FILLMORE,12,3,0,0,0,0,6,3,6
1214,3.6029E+14,FIL 23,Block 1016,FILLMORE,FILLMORE,51,9,35,0,3,0,2,2,4
1216,3.6029E+14,FIL 34,Block 1005,FILLMORE,FILLMORE,142,0,135,0,1,0,0,6,3
1229,3.6029E+14,FIL 7,Block 1009,FILLMORE,FILLMORE,0,0,0,0,0,0,0,0,0
1230,3.6029E+14,FIL 7,Block 1020,FILLMORE,FILLMORE,0,0,0,0,0,0,0,0,0
1251,3.6029E+14,FIL 21,Block 1030,FILLMORE,FILLMORE,55,12,23,0,7,0,10,3,16
1252,3.6029E+14,FIL 21,Block 1004,FILLMORE,FILLMORE,0,0,0,0,0,0,0,0,0
1253,3.6029E+14,FIL 18,Block 2014,FILLMORE,FILLMORE,69,38,17,1,1,0,5,7,7
1254,3.6029E+14,FIL 19,Block 1002,FILLMORE,FILLMORE,24,12,3,0,0,0,6,3,8
1255,3.6029E+14,FIL 19,Block 1011,FILLMORE,FILLMORE,72,42,16,0,4,0,3,7,7
1256,3.6029E+14,FIL 19,Block 1004,FILLMORE,FILLMORE,49,32,9,0,1,0,0,7,0
1257,3.6029E+14,FIL 19,Block 1000,FILLMORE,FILLMORE,2,1,1,0,0,0,0,0,1
1258,3.6029E+14,FIL 19,Block 1010,FILLMORE,FILLMORE,90,65,11,0,1,0,3,10,6
1259,3.6029E+14,FIL 25,Block 1001,FILLMORE,FILLMORE,0,0,0,0,0,0,0,0,0
1260,3.6029E+14,FIL 19,Block 1016,FILLMORE,FILLMORE,107,61,28,0,0,0,11,7,16
1261,3.6029E+14,FIL 27,Block 2005,FILLMORE,FILLMORE,139,7,4,0,100,0,7,21,20
1264,3.6029E+14,FIL 27,Block 2004,FILLMORE,FILLMORE,127,9,4,0,102,0,2,10,5
1265,3.6029E+14,FIL 27,Block 3003,FILLMORE,FILLMORE,188,44,43,3,91,0,1,6,14
1266,3.6029E+14,FIL 27,Block 3002,FILLMORE,FILLMORE,149,8,38,0,97,0,2,4,0
1267,3.6029E+14,FIL 27,Block 2002,FILLMORE,FILLMORE,113,27,45,2,29,0,4,6,6
1268,3.6029E+14,FIL 27,Block 2001,FILLMORE,FILLMORE,82,10,7,0,65,0,0,0,0
1269,3.6029E+14,FIL 27,Block 3000,FILLMORE,FILLMORE,74,3,18,0,43,0,3,7,4
1270,3.6029E+14,FIL 19,Block 1009,FILLMORE,FILLMORE,78,56,18,0,0,0,0,4,3
1271,3.6029E+14,FIL 24,Block 1012,FILLMORE,FILLMORE,123,1,62,0,42,0,4,14,7
1272,3.6029E+14,FIL 24,Block 1022,FILLMORE,FILLMORE,39,6,10,1,9,0,6,7,13
1273,3.6029E+14,FIL 21,Block 1007,FILLMORE,FILLMORE,62,1,46,0,7,2,1,5,5
1274,3.6029E+14,FIL 21,Block 1008,FILLMORE,FILLMORE,72,9,58,1,0,1,0,3,4
1275,3.6029E+14,FIL 21,Block 1009,FILLMORE,FILLMORE,18,1,11,0,0,0,0,6,5
1276,3.6029E+14,FIL 21,Block 1006,FILLMORE,FILLMORE,94,16,64,0,6,0,8,0,15
1277,3.6029E+14,FIL 28,Block 1008,FILLMORE,FILLMORE,52,4,31,1,10,0,5,1,7
1278,3.6029E+14,FIL 25,Block 1019,FILLMORE,FILLMORE,105,34,46,1,13,0,1,10,7
1279,3.6029E+14,FIL 28,Block 1006,FILLMORE,FILLMORE,58,1,44,1,1,0,2,9,4
1280,3.6029E+14,FIL 25,Block 1020,FILLMORE,FILLMORE,82,5,26,0,42,0,2,7,10
1281,3.6029E+14,FIL 25,Block 1018,FILLMORE,FILLMORE,88,7,21,0,35,18,0,7,7
1282,3.6029E+14,FIL 25,Block 5006,FILLMORE,FILLMORE,30,11,14,2,0,0,0,3,2
1283,3.6029E+14,FIL 25,Block 5008,FILLMORE,FILLMORE,21,9,3,0,8,0,0,1,4
1284,3.6029E+14,FIL 25,Block 5009,FILLMORE,FILLMORE,74,22,26,2,5,0,13,6,21
1285,3.6029E+14,FIL 25,Block 5015,FILLMORE,FILLMORE,66,16,36,1,0,0,2,11,14
1286,3.6029E+14,FIL 25,Block 5014,FILLMORE,FILLMORE,86,16,38,1,11,0,18,2,25
1287,3.6029E+14,FIL 25,Block 5013,FILLMORE,FILLMORE,51,13,21,2,5,0,4,6,7
1304,3.6029E+14,FIL 13,Block 2013,FILLMORE,FILLMORE,124,105,1,0,0,0,8,10,12
1305,3.6029E+14,FIL 15,Block 2036,FILLMORE,FILLMORE,0,0,0,0,0,0,0,0,0
1306,3.6029E+14,ELL 35,Block 1002,ELLICOTT,FILLMORE,59,21,13,2,8,0,8,7,19
1310,3.6029E+14,ELL 35,Block 1004,ELLICOTT,FILLMORE,23,11,2,1,0,1,0,8,15
1311,3.6029E+14,ELL 35,Block 1003,ELLICOTT,FILLMORE,135,32,12,1,7,0,56,27,85
1312,3.6029E+14,ELL 35,Block 2003,ELLICOTT,FILLMORE,100,25,14,2,22,0,19,18,43
1313,3.6029E+14,FIL 7,Block 1008,FILLMORE,FILLMORE,0,0,0,0,0,0,0,0,0
1314,3.6029E+14,ELL 2,Block 2000,ELLICOTT,FILLMORE,77,53,5,0,1,0,8,10,10
1315,3.6029E+14,FIL 5,Block 1000,FILLMORE,FILLMORE,106,75,15,2,0,1,4,9,22
1316,3.6029E+14,ELL 2,Block 2001,ELLICOTT,FILLMORE,102,77,2,4,3,0,8,8,18
1355,3.6029E+14,FIL 11,Block 3000,FILLMORE,FILLMORE,95,3,83,1,1,0,1,6,6
1356,3.6029E+14,FIL 11,Block 2002,FILLMORE,FILLMORE,46,4,33,0,7,0,1,1,2
1357,3.6029E+14,FIL 11,Block 2003,FILLMORE,FILLMORE,14,2,7,0,0,0,1,4,2
1358,3.6029E+14,FIL 32,Block 1006,FILLMORE,FILLMORE,17,9,4,0,2,0,2,0,6
1359,3.6029E+14,FIL 11,Block 2001,FILLMORE,FILLMORE,70,0,49,0,7,0,10,4,11
1360,3.6029E+14,FIL 32,Block 1004,FILLMORE,FILLMORE,62,2,35,0,9,0,6,10,7
1362,3.6029E+14,FIL 11,Block 2000,FILLMORE,FILLMORE,66,2,54,0,5,0,4,1,4
1413,3.6029E+14,FIL 18,Block 2000,FILLMORE,FILLMORE,18,10,4,0,0,0,0,4,4
1421,3.6029E+14,FIL 32,Block 1015,FILLMORE,FILLMORE,99,32,39,2,17,0,9,0,11
1423,3.6029E+14,FIL 13,Block 5003,FILLMORE,FILLMORE,26,21,0,0,2,0,3,0,5
1430,3.6029E+14,ELL 35,Block 1001,ELLICOTT,FILLMORE,103,13,27,1,0,0,34,28,73
1431,3.6029E+14,FIL 2,Block 2006,FILLMORE,FILLMORE,68,57,2,0,3,0,5,1,7
1432,3.6029E+14,FIL 21,Block 1010,FILLMORE,FILLMORE,72,32,15,0,16,0,0,9,10
1434,3.6029E+14,FIL 24,Block 1027,FILLMORE,FILLMORE,65,8,46,0,6,0,5,0,5
1435,3.6029E+14,FIL 23,Block 1002,FILLMORE,FILLMORE,0,0,0,0,0,0,0,0,0
1439,3.6029E+14,FIL 28,Block 2000,FILLMORE,FILLMORE,211,39,94,2,51,0,9,16,10
1447,3.6029E+14,ELL 2,Block 2002,ELLICOTT,FILLMORE,124,76,13,9,0,0,9,17,26
1448,3.6029E+14,FIL 7,Block 1073,FILLMORE,FILLMORE,3,0,0,0,0,0,2,1,0
1463,3.6029E+14,FIL 2,Block 2003,FILLMORE,FILLMORE,106,83,3,0,0,0,14,6,25
1482,3.6029E+14,FIL 18,Block 1020,FILLMORE,FILLMORE,22,3,18,0,0,0,1,0,0
1495,3.6029E+14,ELL 29,Block 1051,ELLICOTT,FILLMORE,0,0,0,0,0,0,0,0,0
1499,3.6029E+14,ELL 24,Block 1018,ELLICOTT,FILLMORE,0,0,0,0,0,0,0,0,0
1500,3.6029E+14,ELL 25,Block 1012,ELLICOTT,FILLMORE,6,2,0,0,0,0,1,3,2
1501,3.6029E+14,FIL 7,Block 1072,FILLMORE,FILLMORE,3,2,0,0,0,0,0,1,3
1503,3.6029E+14,FIL 13,Block 1021,FILLMORE,FILLMORE,36,31,0,0,0,0,0,5,7
1504,3.6029E+14,FIL 18,Block 2005,FILLMORE,FILLMORE,55,29,12,0,1,0,10,3,16
1507,3.6029E+14,FIL 2,Block 3002,FILLMORE,FILLMORE,85,73,4,0,3,0,0,5,7
1525,3.6029E+14,FIL 00,Block 1093,FILLMORE,FILLMORE,0,0,0,0,0,0,0,0,0
1526,3.6029E+14,ELL 25,Block 1022,ELLICOTT,FILLMORE,15,7,3,0,1,0,0,4,1
1527,3.6029E+14,FIL 10,Block 1101,FILLMORE,FILLMORE,0,0,0,0,0,0,0,0,0
1528,3.6029E+14,FIL 7,Block 1058,FILLMORE,FILLMORE,0,0,0,0,0,0,0,0,0
1536,3.6029E+14,FIL 19,Block 1014,FILLMORE,FILLMORE,85,47,25,0,1,0,2,10,4
1539,3.6029E+14,FIL 19,Block 1012,FILLMORE,FILLMORE,0,0,0,0,0,0,0,0,0
1540,3.6029E+14,FIL 25,Block 5017,FILLMORE,FILLMORE,0,0,0,0,0,0,0,0,0
1667,3.6029E+14,ELL 34,Block 1000,ELLICOTT,FILLMORE,0,0,0,0,0,0,0,0,0
1668,3.6029E+14,FIL 7,Block 1018,FILLMORE,FILLMORE,0,0,0,0,0,0,0,0,0
1669,3.6029E+14,FIL 7,Block 1019,FILLMORE,FILLMORE,0,0,0,0,0,0,0,0,0
1670,3.6029E+14,FIL 7,Block 1086,FILLMORE,FILLMORE,0,0,0,0,0,0,0,0,0
1671,3.6029E+14,FIL 7,Block 1078,FILLMORE,FILLMORE,0,0,0,0,0,0,0,0,0
1672,3.6029E+14,FIL 7,Block 1076,FILLMORE,FILLMORE,0,0,0,0,0,0,0,0,0
1674,3.6029E+14,FIL 15,Block 2035,FILLMORE,FILLMORE,20,16,2,0,0,0,0,2,2
1675,3.6029E+14,FIL 15,Block 2033,FILLMORE,FILLMORE,62,52,6,0,0,0,2,2,4
1676,3.6029E+14,FIL 16,Block 1007,FILLMORE,FILLMORE,39,18,8,0,0,0,6,7,10
1688,3.6029E+14,FIL 5,Block 1000,FILLMORE,FILLMORE,266,101,100,6,2,0,42,15,60
1693,3.6029E+14,ELL 8,Block 1002,ELLICOTT,FILLMORE,191,149,13,0,15,0,7,7,4
1712,3.6029E+14,FIL 18,Block 1026,FILLMORE,FILLMORE,6,0,4,0,1,0,0,1,0
1717,3.6029E+14,FIL 11,Block 4006,FILLMORE,FILLMORE,118,4,94,0,15,0,1,4,1
1768,3.6029E+14,FIL 12,Block 2018,FILLMORE,FILLMORE,34,23,3,0,0,0,1,7,7
1776,3.6029E+14,FIL 8,Block 1021,FILLMORE,FILLMORE,83,70,0,0,2,2,1,8,10
1779,3.6029E+14,ELL 24,Block 1020,ELLICOTT,FILLMORE,0,0,0,0,0,0,0,0,0
1780,3.6029E+14,FIL 32,Block 1007,FILLMORE,FILLMORE,0,0,0,0,0,0,0,0,0
1784,3.6029E+14,ELL 2,Block 1004,ELLICOTT,FILLMORE,76,43,12,0,4,0,8,9,16
1789,3.6029E+14,FIL 25,Block 5005,FILLMORE,FILLMORE,113,19,49,0,21,0,11,13,18
1790,3.6029E+14,FIL 7,Block 1061,FILLMORE,FILLMORE,3,0,0,2,0,0,0,1,0
1791,3.6029E+14,FIL 15,Block 2027,FILLMORE,FILLMORE,21,10,7,0,0,0,0,4,4
1793,3.6029E+14,FIL 8,Block 1004,FILLMORE,FILLMORE,26,16,2,0,0,0,0,8,7
1794,3.6029E+14,FIL 8,Block 1005,FILLMORE,FILLMORE,175,153,6,0,6,0,3,7,9
1798,3.6029E+14,FIL 32,Block 1014,FILLMORE,FILLMORE,135,28,88,0,11,0,2,6,3
1799,3.6029E+14,FIL 28,Block 1003,FILLMORE,FILLMORE,104,0,75,3,1,0,22,3,25
1800,3.6029E+14,FIL 25,Block 5000,FILLMORE,FILLMORE,150,49,94,0,0,0,4,3,6
1873,3.6029E+14,FIL 4,Block 2010,FILLMORE,FILLMORE,112,74,17,6,3,0,5,7,9
1874,3.6029E+14,FIL 13,Block 1013,FILLMORE,FILLMORE,43,31,6,2,1,0,0,3,2
1877,3.6029E+14,ELL 24,Block 1010,ELLICOTT,FILLMORE,20,12,8,0,0,0,0,0,0
1878,3.6029E+14,ELL 25,Block 1005,ELLICOTT,FILLMORE,38,30,4,0,0,0,0,4,4
1882,3.6029E+14,FIL 20,Block 1001,FILLMORE,FILLMORE,17,1,16,0,0,0,0,0,0
1883,3.6029E+14,FIL 18,Block 1031,FILLMORE,FILLMORE,19,9,5,2,3,0,0,0,2
1884,3.6029E+14,FIL 18,Block 1021,FILLMORE,FILLMORE,18,2,13,0,0,0,0,3,2
1921,3.6029E+14,FIL 13,Block 1022,FILLMORE,FILLMORE,12,10,1,0,0,0,0,1,1
1923,3.6029E+14,FIL 8,Block 1088,FILLMORE,FILLMORE,0,0,0,0,0,0,0,0,0
1924,3.6029E+14,FIL 7,Block 1074,FILLMORE,FILLMORE,0,0,0,0,0,0,0,0,0
1927,3.6029E+14,FIL 8,Block 1087,FILLMORE,FILLMORE,0,0,0,0,0,0,0,0,0
1928,3.6029E+14,FIL 8,Block 1089,FILLMORE,FILLMORE,0,0,0,0,0,0,0,0,0
1929,3.6029E+14,FIL 3,Block 1013,FILLMORE,FILLMORE,13,9,0,0,0,0,0,4,4
1937,3.6029E+14,FIL 19,Block 1015,FILLMORE,FILLMORE,27,16,1,0,2,0,2,6,2
1939,3.6029E+14,FIL 25,Block 5004,FILLMORE,FILLMORE,151,47,91,0,4,0,4,5,19
1941,3.6029E+14,FIL 19,Block 1021,FILLMORE,FILLMORE,49,30,11,0,0,0,7,1,8
1969,3.6029E+14,FIL 19,Block 1003,FILLMORE,FILLMORE,23,14,2,0,5,0,0,2,1
1975,3.6029E+14,FIL 3,Block 1005,FILLMORE,FILLMORE,171,127,22,0,11,0,4,7,5
1976,3.6029E+14,FIL 2,Block 3006,FILLMORE,FILLMORE,89,63,3,0,8,0,5,10,14
1999,3.6029E+14,FIL 18,Block 1025,FILLMORE,FILLMORE,36,9,23,0,1,0,1,2,3
2000,3.6029E+14,FIL 18,Block 2011,FILLMORE,FILLMORE,3,1,0,0,1,0,0,1,2
2001,3.6029E+14,FIL 18,Block 2012,FILLMORE,FILLMORE,14,7,3,0,0,0,0,4,3
2002,3.6029E+14,FIL 23,Block 1013,FILLMORE,FILLMORE,17,4,9,0,0,0,0,4,2
2003,3.6029E+14,FIL 23,Block 1025,FILLMORE,FILLMORE,79,6,45,1,25,0,2,0,5
2004,3.6029E+14,FIL 24,Block 1018,FILLMORE,FILLMORE,46,7,26,0,6,0,4,3,6
2005,3.6029E+14,FIL 20,Block 2011,FILLMORE,FILLMORE,11,1,9,0,0,0,0,1,1
2006,3.6029E+14,FIL 20,Block 1005,FILLMORE,FILLMORE,19,1,18,0,0,0,0,0,0
2008,3.6029E+14,FIL 18,Block 1023,FILLMORE,FILLMORE,18,4,10,0,3,0,0,1,1
2009,3.6029E+14,FIL 10,Block 1106,FILLMORE,FILLMORE,6,5,0,0,0,0,1,0,1
2029,3.6029E+14,FIL 7,Block 1077,FILLMORE,FILLMORE,0,0,0,0,0,0,0,0,0
2130,3.6029E+14,FIL 10,Block 1014,FILLMORE,FILLMORE,0,0,0,0,0,0,0,0,0
2131,3.6029E+14,FIL 10,Block 1013,FILLMORE,FILLMORE,2,0,0,0,0,0,1,1,1
2132,3.6029E+14,FIL 13,Block 1016,FILLMORE,FILLMORE,0,0,0,0,0,0,0,0,0
2133,3.6029E+14,FIL 13,Block 1017,FILLMORE,FILLMORE,20,14,1,0,0,0,0,5,8
2135,3.6029E+14,FIL 13,Block 1012,FILLMORE,FILLMORE,38,23,4,0,0,0,4,7,17
2137,3.6029E+14,FIL 15,Block 2037,FILLMORE,FILLMORE,0,0,0,0,0,0,0,0,0
2149,3.6029E+14,ELL 14,Block 3000,ELLICOTT,FILLMORE,199,142,22,1,8,0,16,10,17
2155,3.6029E+14,FIL 18,Block 2013,FILLMORE,FILLMORE,44,21,13,0,3,0,0,7,4
2160,3.6029E+14,ELL 15,Block 4001,ELLICOTT,FILLMORE,338,175,104,3,7,0,19,30,50
2161,3.6029E+14,ELL 15,Block 4000,ELLICOTT,FILLMORE,0,0,0,0,0,0,0,0,0
2163,3.6029E+14,FIL 4,Block 1009,FILLMORE,FILLMORE,22,11,7,0,3,0,0,1,2
2170,3.6029E+14,FIL 13,Block 2003,FILLMORE,FILLMORE,69,57,3,2,0,0,3,4,8
2177,3.6029E+14,FIL 13,Block 1015,FILLMORE,FILLMORE,34,17,3,1,0,0,9,4,13
2178,3.6029E+14,FIL 19,Block 1019,FILLMORE,FILLMORE,79,69,8,0,2,0,0,0,3
2179,3.6029E+14,FIL 18,Block 2018,FILLMORE,FILLMORE,32,24,3,1,2,0,0,2,1
2182,3.6029E+14,FIL 25,Block 5011,FILLMORE,FILLMORE,73,19,20,3,25,0,1,5,8
2201,3.6029E+14,FIL 16,Block 1009,FILLMORE,FILLMORE,118,92,13,0,5,0,1,7,21
2204,3.6029E+14,FIL 8,Block 1011,FILLMORE,FILLMORE,956,275,338,0,3,1,194,145,412
2209,3.6029E+14,FIL 27,Block 2003,FILLMORE,FILLMORE,181,6,18,0,138,0,12,7,5
2210,3.6029E+14,FIL 20,Block 1003,FILLMORE,FILLMORE,24,0,12,0,6,0,4,2,4
2211,3.6029E+14,FIL 8,Block 1012,FILLMORE,FILLMORE,0,0,0,0,0,0,0,0,0
2219,3.6029E+14,FIL 32,Block 1007,FILLMORE,FILLMORE,24,2,14,0,0,0,1,7,5
2227,3.6029E+14,FIL 18,Block 2009,FILLMORE,FILLMORE,16,10,4,1,0,0,1,0,2
2228,3.6029E+14,FIL 15,Block 2025,FILLMORE,FILLMORE,20,17,2,0,0,0,0,1,3
2236,3.6029E+14,ELL 34,Block 1001,ELLICOTT,FILLMORE,0,0,0,0,0,0,0,0,0
2251,3.6029E+14,FIL 8,Block 1019,FILLMORE,FILLMORE,40,26,7,0,3,0,1,3,8
2256,3.6029E+14,FIL 28,Block 1009,FILLMORE,FILLMORE,26,10,5,0,1,0,5,5,12
2257,3.6029E+14,FIL 18,Block 2016,FILLMORE,FILLMORE,31,19,12,0,0,0,0,0,2
2258,3.6029E+14,FIL 24,Block 1026,FILLMORE,FILLMORE,51,2,26,0,11,0,3,9,7
2261,3.6029E+14,FIL 20,Block 1007,FILLMORE,FILLMORE,25,2,19,0,0,0,1,3,2
2262,3.6029E+14,FIL 27,Block 1010,FILLMORE,FILLMORE,89,1,11,0,66,0,7,4,1
2263,3.6029E+14,FIL 24,Block 1015,FILLMORE,FILLMORE,83,14,43,0,12,0,3,11,8
2268,3.6029E+14,ELL 9,Block 1003,ELLICOTT,FILLMORE,140,110,0,1,17,0,2,10,15
2309,3.6029E+14,FIL 1,Block 1002,FILLMORE,FILLMORE,149,132,5,0,2,0,8,2,6
2356,3.6029E+14,FIL 13,Block 2004,FILLMORE,FILLMORE,69,62,1,0,0,0,0,6,12
2360,3.6029E+14,FIL 15,Block 2028,FILLMORE,FILLMORE,0,0,0,0,0,0,0,0,0
2361,3.6029E+14,FIL 13,Block 1018,FILLMORE,FILLMORE,39,27,2,0,0,0,4,6,11
2362,3.6029E+14,FIL 14,Block 4006,FILLMORE,FILLMORE,0,0,0,0,0,0,0,0,0
2368,3.6029E+14,FIL 000,Block 1018,FILLMORE,FILLMORE,15,4,4,0,0,0,1,6,11
2378,3.6029E+14,FIL 3,Block 1002,FILLMORE,FILLMORE,82,53,6,0,9,0,6,8,17
2384,3.6029E+14,ELL 9,Block 1005,ELLICOTT,FILLMORE,102,70,15,2,3,0,6,6,8
2393,3.6029E+14,ELL 24,Block 1021,ELLICOTT,FILLMORE,0,0,0,0,0,0,0,0,0
2394,3.6029E+14,ELL 24,Block 1006,ELLICOTT,FILLMORE,48,43,0,0,0,0,0,5,0
2395,3.6029E+14,FIL 10,Block 1062,FILLMORE,FILLMORE,0,0,0,0,0,0,0,0,0
2402,3.6029E+14,FIL 19,Block 1000,FILLMORE,FILLMORE,0,0,0,0,0,0,0,0,0
2426,3.6029E+14,FIL 1,Block 1003,FILLMORE,FILLMORE,82,70,7,0,0,0,4,1,5
2427,3.6029E+14,FIL 4,Block 2009,FILLMORE,FILLMORE,50,29,3,1,2,0,0,15,14
2428,3.6029E+14,FIL 3,Block 1014,FILLMORE,FILLMORE,84,34,31,1,15,0,0,3,3
2429,3.6029E+14,FIL 10,Block 1082,FILLMORE,FILLMORE,0,0,0,0,0,0,0,0,0
2443,3.6029E+14,FIL 11,Block 2004,FILLMORE,FILLMORE,51,3,34,0,11,0,1,2,0
2448,3.6029E+14,FIL 18,Block 2011,FILLMORE,FILLMORE,18,3,9,0,0,0,6,0,7
2456,3.6029E+14,FIL 13,Block 2008,FILLMORE,FILLMORE,22,18,0,0,0,0,1,3,3
2457,3.6029E+14,FIL 13,Block 2011,FILLMORE,FILLMORE,73,67,5,0,0,0,0,1,1
2462,3.6029E+14,FIL 10,Block 1015,FILLMORE,FILLMORE,12,5,3,0,0,0,0,4,3
2464,3.6029E+14,FIL 5,Block 3002,FILLMORE,FILLMORE,63,25,0,0,3,0,8,27,39
2465,3.6029E+14,FIL 4,Block 1010,FILLMORE,FILLMORE,48,39,1,0,0,0,3,5,8
2466,3.6029E+14,FIL 7,Block 1006,FILLMORE,FILLMORE,12,3,5,0,0,0,3,1,7
2500,3.6029E+14,FIL 20,Block 1010,FILLMORE,FILLMORE,32,5,19,0,0,0,4,4,8
2501,3.6029E+14,FIL 22,Block 1011,FILLMORE,FILLMORE,20,4,4,0,0,0,0,12,8
2502,3.6029E+14,FIL 20,Block 1007,FILLMORE,FILLMORE,123,21,92,0,2,0,0,8,5
2503,3.6029E+14,FIL 22,Block 1022,FILLMORE,FILLMORE,40,5,26,0,0,0,6,3,7
2504,3.6029E+14,FIL 18,Block 1007,FILLMORE,FILLMORE,16,0,15,0,0,0,0,1,1
2505,3.6029E+14,FIL 18,Block 1006,FILLMORE,FILLMORE,65,5,45,1,8,0,5,1,5
2506,3.6029E+14,FIL 18,Block 1024,FILLMORE,FILLMORE,23,0,13,0,0,0,0,10,2
2507,3.6029E+14,FIL 18,Block 2002,FILLMORE,FILLMORE,15,1,8,0,0,0,1,5,3
2508,3.6029E+14,FIL 18,Block 2010,FILLMORE,FILLMORE,36,20,13,0,0,0,2,1,8
2509,3.6029E+14,FIL 18,Block 2006,FILLMORE,FILLMORE,40,19,9,0,9,0,0,3,2
2510,3.6029E+14,FIL 18,Block 2008,FILLMORE,FILLMORE,30,17,6,0,0,0,2,5,5
2511,3.6029E+14,FIL 18,Block 2009,FILLMORE,FILLMORE,50,16,8,0,3,0,7,16,7
2512,3.6029E+14,FIL 18,Block 2017,FILLMORE,FILLMORE,33,10,5,0,0,0,8,10,13
2513,3.6029E+14,FIL 18,Block 2015,FILLMORE,FILLMORE,50,43,0,0,2,0,0,5,2
2514,3.6029E+14,FIL 22,Block 1012,FILLMORE,FILLMORE,26,2,23,0,0,0,0,1,1
2515,3.6029E+14,FIL 21,Block 1020,FILLMORE,FILLMORE,23,9,5,0,4,0,0,5,6
2516,3.6029E+14,FIL 21,Block 1019,FILLMORE,FILLMORE,75,22,34,0,13,0,4,2,3
2517,3.6029E+14,FIL 21,Block 1006,FILLMORE,FILLMORE,0,0,0,0,0,0,0,0,0
2518,3.6029E+14,FIL 21,Block 1031,FILLMORE,FILLMORE,37,8,11,0,8,0,3,7,7
2529,3.6029E+14,ELL 33,Block 1003,ELLICOTT,FILLMORE,298,266,8,0,10,1,3,10,17
2530,3.6029E+14,FIL 5,Block 1017,FILLMORE,FILLMORE,0,0,0,0,0,0,0,0,0
2584,3.6029E+14,FIL 8,Block 1095,FILLMORE,FILLMORE,0,0,0,0,0,0,0,0,0
2586,3.6029E+14,FIL 11,Block 2005,FILLMORE,FILLMORE,115,9,58,1,16,0,29,2,34
2600,3.6029E+14,FIL 32,Block 1009,FILLMORE,FILLMORE,37,6,25,0,0,0,3,3,7
2610,3.6029E+14,FIL 10,Block 1071,FILLMORE,FILLMORE,2,0,0,0,2,0,0,0,0
2639,3.6029E+14,ELL 29,Block 1050,ELLICOTT,FILLMORE,0,0,0,0,0,0,0,0,0
2643,3.6029E+14,FIL 10,Block 1099,FILLMORE,FILLMORE,0,0,0,0,0,0,0,0,0
2658,3.6029E+14,FIL 7,Block 1002,FILLMORE,FILLMORE,0,0,0,0,0,0,0,0,0
2659,3.6029E+14,FIL 18,Block 2024,FILLMORE,FILLMORE,35,29,0,1,0,0,4,1,5
2661,3.6029E+14,FIL 25,Block 5012,FILLMORE,FILLMORE,34,11,10,2,3,0,6,2,8
2676,3.6029E+14,FIL 18,Block 1008,FILLMORE,FILLMORE,18,0,17,0,0,0,0,1,1
2678,3.6029E+14,FIL 32,Block 1013,FILLMORE,FILLMORE,26,3,4,0,4,0,2,13,3
2680,3.6029E+14,FIL 32,Block 1008,FILLMORE,FILLMORE,44,10,26,0,2,0,4,2,4
2683,3.6029E+14,FIL 8,Block 1014,FILLMORE,FILLMORE,0,0,0,0,0,0,0,0,0
2708,3.6029E+14,FIL 5,Block 1002,FILLMORE,FILLMORE,0,0,0,0,0,0,0,0,0
2753,3.6029E+14,FIL 18,Block 2003,FILLMORE,FILLMORE,23,19,0,0,0,0,1,3,4
2754,3.6029E+14,FIL 25,Block 1017,FILLMORE,FILLMORE,72,28,16,0,14,0,0,14,4
2755,3.6029E+14,FIL 21,Block 1002,FILLMORE,FILLMORE,94,40,36,0,0,0,10,8,12
2760,3.6029E+14,ELL 35,Block 2002,ELLICOTT,FILLMORE,111,46,19,0,1,0,33,12,49
2761,3.6029E+14,FIL 2,Block 3004,FILLMORE,FILLMORE,183,130,19,2,3,0,10,19,35
2762,3.6029E+14,FIL 5,Block 2000,FILLMORE,FILLMORE,187,97,22,0,19,0,19,30,64
2763,3.6029E+14,FIL 5,Block 3004,FILLMORE,FILLMORE,122,53,17,0,0,0,26,26,59
2764,3.6029E+14,FIL 5,Block 3005,FILLMORE,FILLMORE,87,50,9,2,0,0,9,17,34
2765,3.6029E+14,FIL 5,Block 2005,FILLMORE,FILLMORE,142,74,35,0,0,1,9,23,54
2766,3.6029E+14,FIL 5,Block 3001,FILLMORE,FILLMORE,79,23,3,0,0,0,35,18,63
2767,3.6029E+14,FIL 5,Block 3000,FILLMORE,FILLMORE,63,46,6,0,0,0,4,7,8
2768,3.6029E+14,FIL 6,Block 2002,FILLMORE,FILLMORE,136,82,18,1,0,0,28,7,57
2769,3.6029E+14,FIL 6,Block 2000,FILLMORE,FILLMORE,0,0,0,0,0,0,0,0,0
2770,3.6029E+14,FIL 6,Block 2003,FILLMORE,FILLMORE,0,0,0,0,0,0,0,0,0
2771,3.6029E+14,FIL 2,Block 3003,FILLMORE,FILLMORE,103,85,13,0,1,0,0,4,3
2772,3.6029E+14,FIL 7,Block 1004,FILLMORE,FILLMORE,84,7,31,1,1,0,31,13,46
2773,3.6029E+14,FIL 3,Block 1008,FILLMORE,FILLMORE,51,32,6,0,0,0,3,10,6
2774,3.6029E+14,FIL 4,Block 1011,FILLMORE,FILLMORE,0,0,0,0,0,0,0,0,0
2775,3.6029E+14,FIL 4,Block 1015,FILLMORE,FILLMORE,0,0,0,0,0,0,0,0,0
2776,3.6029E+14,ELL 24,Block 2008,ELLICOTT,FILLMORE,0,0,0,0,0,0,0,0,0
2777,3.6029E+14,ELL 24,Block 2009,ELLICOTT,FILLMORE,23,10,6,2,2,0,1,2,1
2778,3.6029E+14,FIL 3,Block 1007,FILLMORE,FILLMORE,79,46,13,0,6,0,4,10,8
2779,3.6029E+14,ELL 24,Block 2020,ELLICOTT,FILLMORE,0,0,0,0,0,0,0,0,0
2780,3.6029E+14,ELL 24,Block 2021,ELLICOTT,FILLMORE,19,6,7,0,0,0,0,6,3
2781,3.6029E+14,FIL 7,Block 2007,FILLMORE,FILLMORE,106,50,18,2,0,0,17,19,51
2782,3.6029E+14,FIL 7,Block 2008,FILLMORE,FILLMORE,31,16,8,0,1,0,2,4,9
2783,3.6029E+14,FIL 7,Block 2009,FILLMORE,FILLMORE,0,0,0,0,0,0,0,0,0
2784,3.6029E+14,FIL 7,Block 1056,FILLMORE,FILLMORE,20,15,2,0,1,0,1,1,7
2792,3.6029E+14,FIL 18,Block 1027,FILLMORE,FILLMORE,13,0,9,1,0,0,0,3,4
2795,3.6029E+14,FIL 18,Block 1030,FILLMORE,FILLMORE,16,11,5,0,0,0,0,0,0
2796,3.6029E+14,FIL 18,Block 1017,FILLMORE,FILLMORE,0,0,0,0,0,0,0,0,0
2800,3.6029E+14,FIL 17,Block 2004,FILLMORE,FILLMORE,60,22,21,0,0,0,0,17,15
2802,3.6029E+14,FIL 15,Block 2031,FILLMORE,FILLMORE,0,0,0,0,0,0,0,0,0
2803,3.6029E+14,FIL 25,Block 5001,FILLMORE,FILLMORE,52,6,27,0,2,0,3,14,23
2872,3.6029E+14,FIL 13,Block 1011,FILLMORE,FILLMORE,70,61,1,0,0,0,2,6,8
2874,3.6029E+14,FIL 13,Block 2005,FILLMORE,FILLMORE,7,1,1,2,0,0,3,0,4
2875,3.6029E+14,FIL 13,Block 2006,FILLMORE,FILLMORE,0,0,0,0,0,0,0,0,0
2876,3.6029E+14,FIL 13,Block 2007,FILLMORE,FILLMORE,38,32,3,0,0,0,1,2,3
2879,3.6029E+14,FIL 13,Block 5012,FILLMORE,FILLMORE,3,3,0,0,0,0,0,0,0
2880,3.6029E+14,FIL 13,Block 2002,FILLMORE,FILLMORE,93,80,10,0,1,0,0,2,5
2881,3.6029E+14,FIL 13,Block 2001,FILLMORE,FILLMORE,62,50,4,0,0,0,0,8,21
2882,3.6029E+14,FIL 13,Block 1010,FILLMORE,FILLMORE,57,38,7,0,0,0,10,2,15
2883,3.6029E+14,FIL 13,Block 1055,FILLMORE,FILLMORE,0,0,0,0,0,0,0,0,0
2884,3.6029E+14,FIL 12,Block 2019,FILLMORE,FILLMORE,142,113,4,0,7,0,0,18,14
2885,3.6029E+14,FIL 8,Block 1054,FILLMORE,FILLMORE,8,8,0,0,0,0,0,0,1
2886,3.6029E+14,FIL 13,Block 1044,FILLMORE,FILLMORE,0,0,0,0,0,0,0,0,0
2893,3.6029E+14,FIL 15,Block 4001,FILLMORE,FILLMORE,5,0,2,0,0,0,3,0,3
2894,3.6029E+14,FIL 15,Block 2029,FILLMORE,FILLMORE,0,0,0,0,0,0,0,0,0
2897,3.6029E+14,FIL 15,Block 2034,FILLMORE,FILLMORE,6,3,0,1,2,0,0,0,1
2898,3.6029E+14,FIL 15,Block 5000,FILLMORE,FILLMORE,19,9,4,0,0,0,6,0,9
2899,3.6029E+14,FIL 13,Block 1009,FILLMORE,FILLMORE,58,45,7,0,0,0,4,2,6
2900,3.6029E+14,FIL 13,Block 1017,FILLMORE,FILLMORE,41,27,1,0,0,0,8,5,17
2901,3.6029E+14,FIL 13,Block 1008,FILLMORE,FILLMORE,0,0,0,0,0,0,0,0,0
2902,3.6029E+14,FIL 13,Block 2012,FILLMORE,FILLMORE,0,0,0,0,0,0,0,0,0
2903,3.6029E+14,FIL 15,Block 4000,FILLMORE,FILLMORE,48,38,0,0,1,0,0,9,14
2904,3.6029E+14,FIL 15,Block 4003,FILLMORE,FILLMORE,169,134,8,2,10,0,4,11,16
2906,3.6029E+14,FIL 13,Block 1007,FILLMORE,FILLMORE,30,23,2,0,0,0,5,0,3
2907,3.6029E+14,FIL 15,Block 4005,FILLMORE,FILLMORE,12,4,2,1,2,0,0,3,6
2920,3.6029E+14,FIL 19,Block 2003,FILLMORE,FILLMORE,154,87,61,0,3,0,0,3,3
2955,3.6029E+14,ELL 29,Block 1049,ELLICOTT,FILLMORE,4,3,1,0,0,0,0,0,0
2967,3.6029E+14,FIL 18,Block 2019,FILLMORE,FILLMORE,21,7,10,0,0,0,3,1,4
2969,3.6029E+14,FIL 28,Block 2002,FILLMORE,FILLMORE,67,12,37,0,6,0,7,5,8
2970,3.6029E+14,FIL 25,Block 5002,FILLMORE,FILLMORE,24,1,10,1,11,0,0,1,2
2973,3.6029E+14,FIL 19,Block 1003,FILLMORE,FILLMORE,18,16,1,0,0,0,0,1,6
2974,3.6029E+14,FIL 16,Block 1008,FILLMORE,FILLMORE,60,41,0,1,0,0,6,12,14
2975,3.6029E+14,FIL 16,Block 1010,FILLMORE,FILLMORE,16,12,0,0,0,0,0,4,1
2981,3.6029E+14,FIL 11,Block 3001,FILLMORE,FILLMORE,14,0,14,0,0,0,0,0,0
2982,3.6029E+14,FIL 32,Block 1005,FILLMORE,FILLMORE,46,5,36,0,0,0,3,2,7
2986,3.6029E+14,FIL 18,Block 2023,FILLMORE,FILLMORE,16,16,0,0,0,0,0,0,1
2993,3.6029E+14,FIL 13,Block 2009,FILLMORE,FILLMORE,163,109,27,1,1,0,8,17,20
2995,3.6029E+14,FIL 13,Block 5008,FILLMORE,FILLMORE,25,18,3,0,1,0,3,0,3
